{
  "config": {
    "condition": "C4",
    "mode": "condensate",
    "N_CHROMATIN": 120,
    "N_CONDENSATES": 10,
    "DENSITY": 0.33,
    "TEMPERATURE": 300.0,
    "RANDOM_SEED": 42
  },
  "n_frames": 200,
  "monomer_counts": {
    "A": 40,
    "B": 40,
    "C": 40
  },
  "com_distances": {
    "A-A": {
      "mean": 3.663893055869378,
      "std": 0.5769549154415033
    },
    "A-B": {
      "mean": 3.680633142550661,
      "std": 0.3205050490121897
    },
    "A-C": {
      "mean": 3.675964073218131,
      "std": 0.31806420736613983
    },
    "B-B": {
      "mean": 3.678979892362345,
      "std": 0.5683558637931488
    },
    "B-C": {
      "mean": 3.629227211901408,
      "std": 0.35584185175207933
    },
    "C-C": {
      "mean": 3.5152284280295,
      "std": 0.5651045372767927
    }
  },
  "contact_fractions": {
    "A-A": 0.12410256410256411,
    "A-B": 0.0537625,
    "A-C": 0.0529,
    "B-B": 0.12346794871794872,
    "B-C": 0.059215625,
    "C-C": 0.1317948717948718
  },
  "clustering_scores": {
    "A": 0.5233125,
    "B": 0.5061625,
    "C": 0.522825
  },
  "condensate_recruitment": {
    "A": 2.51792606504169,
    "B": 2.6001877567937144,
    "C": 2.6782406726981547
  }
}